{
  "test": {
    "accuracy": 0.9534883720930233,
    "f1": 0.9629629629629629
  }
}