{
  "test": {
    "mae": 0.37485018372535706,
    "rmse": 0.5373355181330539
  }
}