layer_position,rmse,mae,recovery_epoch_105
first,0.5535282055509356,0.4030808210372925,
last,0.5349049221654592,0.3728310763835907,
middle,0.5319500686170016,0.3708474040031433,14.0
